{
  "learn_on": {
    "steps": 681,
    "acc_exact": 0.5550660792951542,
    "acc_nonempty_exact": 0.4907563025210084,
    "p_act_empty": 0.1262848751835536,
    "acc_always_silent": 0.1262848751835536,
    "skill_over_silence": 0.4287812041116006,
    "skill_over_silence_nonempty": 0.4907563025210084,
    "bitwise": {
      "5": {
        "precision": 0.9960629921259843,
        "recall": 0.48007590132827327,
        "f1": 0.6478873239436621
      },
      "7": {
        "precision": 0.975,
        "recall": 0.5735294117647058,
        "f1": 0.7222222222222222
      }
    },
    "confusion_matrix": {
      "labels": [
        "[]",
        "[5]",
        "[7]",
        "[]"
      ],
      "matrix": [
        [
          0,
          0,
          0,
          0
        ],
        [
          0,
          253,
          1,
          273
        ],
        [
          0,
          1,
          39,
          28
        ],
        [
          0,
          0,
          0,
          86
        ]
      ]
    }
  },
  "frozen": {
    "steps": 681,
    "acc_exact": 0.5550660792951542,
    "acc_nonempty_exact": 0.4907563025210084,
    "p_act_empty": 0.1262848751835536,
    "acc_always_silent": 0.1262848751835536,
    "skill_over_silence": 0.4287812041116006,
    "skill_over_silence_nonempty": 0.4907563025210084,
    "bitwise": {
      "5": {
        "precision": 0.9960629921259843,
        "recall": 0.48007590132827327,
        "f1": 0.6478873239436621
      },
      "7": {
        "precision": 0.975,
        "recall": 0.5735294117647058,
        "f1": 0.7222222222222222
      }
    },
    "confusion_matrix": {
      "labels": [
        "[]",
        "[5]",
        "[7]",
        "[]"
      ],
      "matrix": [
        [
          0,
          0,
          0,
          0
        ],
        [
          0,
          253,
          1,
          273
        ],
        [
          0,
          1,
          39,
          28
        ],
        [
          0,
          0,
          0,
          86
        ]
      ]
    }
  }
}